model,target_season,min_tbf_eval,rmse,mae,r2,rmse_bfw,mae_bfw,bias,n,fold_weights
M0_league_average,2023,0,0.06864125737866791,0.05194918578633595,-3.206537401823084e-06,0.05450720454054577,0.04282277581609275,-0.0001229143783665868,630,"(1.0, 0.8, 0.6)"
M1_last_season_kpct,2023,0,0.06810136612431357,0.0480330170952381,0.015665788108528256,0.05132116834713505,0.037454485141523344,0.0005448514126984121,630,"(1.0, 0.8, 0.6)"
M2_marcel_flat_prior,2023,0,0.05889509119783382,0.04215492436615677,0.26381133045729754,0.04219557777031422,0.03205317429970141,-0.006006084713862302,630,"(1.0, 0.8, 0.6)"
M3_eb_stuff_prior,2023,0,0.05869779723314709,0.04225786059660003,0.26873541827971203,0.04248085444892952,0.0321823532874236,-0.007394989882876214,630,"(1.0, 0.8, 0.6)"
M4_ridge,2023,0,0.059304935885955236,0.04299945699857865,0.25352956202027255,0.04389690434997165,0.033899517083309724,-0.010570391853143759,630,"(1.0, 0.8, 0.6)"
M5_lightgbm,2023,0,0.059191123774412796,0.04289824562949101,0.2563919158741351,0.04454199497035196,0.0342838777499808,-0.008841150948409584,630,"(1.0, 0.8, 0.6)"
M6_blend_eb_ridge,2023,0,0.05871010476893062,0.042322435820212424,0.2684287284555241,0.04270309379505822,0.032629515968208817,-0.008982690868009987,630,"(1.0, 0.8, 0.6)"
M0_league_average,2023,50,0.058152845511825424,0.045377863250823554,-0.009998456083923024,0.05368424306625431,0.042310105929914736,-0.005785982117468696,536,"(1.0, 0.8, 0.6)"
M1_last_season_kpct,2023,50,0.05691976540079631,0.04179403320895523,0.03237969736281532,0.050108725069854525,0.0368468934456013,0.001348727388059701,536,"(1.0, 0.8, 0.6)"
M2_marcel_flat_prior,2023,50,0.04555989892155239,0.03475032052882578,0.38006768813092306,0.04097656487033285,0.03144242842106726,-0.008689628413685686,536,"(1.0, 0.8, 0.6)"
M3_eb_stuff_prior,2023,50,0.046065331228566896,0.035162491477005446,0.36623658415332294,0.04133160379500113,0.031596483559332485,-0.008986260106849244,536,"(1.0, 0.8, 0.6)"
M4_ridge,2023,50,0.04715202165953746,0.036282747266834246,0.33598268338178705,0.04285999469507174,0.033366153906460506,-0.01343545914113889,536,"(1.0, 0.8, 0.6)"
M5_lightgbm,2023,50,0.047167058746991807,0.0361330017288286,0.3355590969380913,0.04353608055050039,0.03375573024760023,-0.011863839916897757,536,"(1.0, 0.8, 0.6)"
M6_blend_eb_ridge,2023,50,0.04623840726909606,0.03537686626459191,0.3614653029653072,0.04159594783007485,0.032065022101938304,-0.011210859623994068,536,"(1.0, 0.8, 0.6)"
M0_league_average,2023,100,0.057093250194791736,0.044823813363947515,-0.03934192778278578,0.0532927951641506,0.042089070652939875,-0.01110793582223774,443,"(1.0, 0.8, 0.6)"
M1_last_season_kpct,2023,100,0.054710681701324766,0.0396241832054176,0.045593990115516125,0.049426276578358554,0.036257495823059226,-0.0001992556659142208,443,"(1.0, 0.8, 0.6)"
M2_marcel_flat_prior,2023,100,0.043649302157952506,0.033499607119367766,0.39250386008881544,0.04042640870630515,0.031099796796931305,-0.012070363041905154,443,"(1.0, 0.8, 0.6)"
M3_eb_stuff_prior,2023,100,0.04414266349960613,0.03378015038057674,0.3786933791597217,0.04075215225082292,0.031202866623623562,-0.012441979421898251,443,"(1.0, 0.8, 0.6)"
M4_ridge,2023,100,0.04543569137804936,0.03516685534861404,0.3417616294200634,0.042353063206078755,0.033060858474593606,-0.01803714906015486,443,"(1.0, 0.8, 0.6)"
M5_lightgbm,2023,100,0.04560409001388174,0.03506859458037608,0.33687331999709047,0.04309148986308215,0.03348410817040569,-0.015422300003639451,443,"(1.0, 0.8, 0.6)"
M6_blend_eb_ridge,2023,100,0.04437725844076044,0.034074691278796074,0.3720719981634081,0.0410360547400565,0.03170109449753495,-0.015239564241026557,443,"(1.0, 0.8, 0.6)"
M0_league_average,2023,200,0.05613344515380404,0.04458979627824759,-0.07312707824589171,0.052562736667628875,0.041763938100981175,-0.014653292933922141,336,"(1.0, 0.8, 0.6)"
M1_last_season_kpct,2023,200,0.05318093585948268,0.03855300866071429,0.0367928235692867,0.04813601508897013,0.03547288739316526,-0.003508208482142857,336,"(1.0, 0.8, 0.6)"
M2_marcel_flat_prior,2023,200,0.043310601491995164,0.03311731582020751,0.3611539868910816,0.03996020660393411,0.030719693367543214,-0.014310780758733575,336,"(1.0, 0.8, 0.6)"
M3_eb_stuff_prior,2023,200,0.043667831795215384,0.03324590685747154,0.35057198996031036,0.04017519572515416,0.030718328892206073,-0.014803651280896942,336,"(1.0, 0.8, 0.6)"
M4_ridge,2023,200,0.04501034850002732,0.03496916641814909,0.31002634348425717,0.041832008549503336,0.032766928216859365,-0.021258423513112537,336,"(1.0, 0.8, 0.6)"
M5_lightgbm,2023,200,0.045465433648270596,0.03477599603461681,0.2960036071851829,0.042728519804023576,0.03316991666242524,-0.01798297374004673,336,"(1.0, 0.8, 0.6)"
M6_blend_eb_ridge,2023,200,0.04388909418776123,0.03370946953445446,0.3439740878446901,0.04045643116614131,0.031314980083059225,-0.01803103739700474,336,"(1.0, 0.8, 0.6)"
M0_league_average,2024,0,0.07011430791364366,0.05213118170693023,-0.016852137495455333,0.05103887819147098,0.03978040598639406,0.009026206095046544,650,"(1.0, 0.6, 0.35)"
M1_last_season_kpct,2024,0,0.0824600056471102,0.056252066261538454,-0.4064724292354034,0.055085593547634454,0.03900567080023637,0.009665991492307693,650,"(1.0, 0.6, 0.35)"
M2_marcel_flat_prior,2024,0,0.06179552179348582,0.04362661895905109,0.2101247420051071,0.040811661901734735,0.030360513839983064,0.003389424585874353,650,"(1.0, 0.6, 0.35)"
M3_eb_stuff_prior,2024,0,0.06176480624928047,0.04355910730045612,0.21090976390014082,0.040975849158554505,0.030298855184469068,0.0015795800418220791,650,"(1.0, 0.6, 0.35)"
M4_ridge,2024,0,0.06550456170135632,0.047006474117204274,0.11246069930231517,0.04256325828464613,0.032322988205432314,0.017681860552445826,650,"(1.0, 0.6, 0.35)"
M5_lightgbm,2024,0,0.06323246114366873,0.04468975253688889,0.17296350470622435,0.04220324454658716,0.031225145361016844,0.006842228103736547,650,"(1.0, 0.6, 0.35)"
M6_blend_eb_ridge,2024,0,0.06281329069182955,0.04449709152289695,0.1838920756693373,0.040759810792881886,0.030384069556697403,0.009630720297133952,650,"(1.0, 0.6, 0.35)"
M0_league_average,2024,50,0.055447249317107955,0.043272574613667195,-0.0006135616969986657,0.049802546505543985,0.039025375619547206,0.001373017060771589,531,"(1.0, 0.6, 0.35)"
M1_last_season_kpct,2024,50,0.06598911102146957,0.046620899755178906,-0.4172645624084341,0.053167739029297015,0.03811620462882595,0.005843582542372882,531,"(1.0, 0.6, 0.35)"
M2_marcel_flat_prior,2024,50,0.045603497998117096,0.03476311424971503,0.3231340221045459,0.03945831140743611,0.029667200505690012,-0.0016704909065921745,531,"(1.0, 0.6, 0.35)"
M3_eb_stuff_prior,2024,50,0.04619171261695674,0.03473135611480987,0.30556036254346786,0.03968821826432159,0.02960489239893611,-0.002946486302282798,531,"(1.0, 0.6, 0.35)"
M4_ridge,2024,50,0.04832616338319165,0.037015364503421834,0.23989951747541205,0.04101238974909077,0.03147554814265796,0.012661300965363508,531,"(1.0, 0.6, 0.35)"
M5_lightgbm,2024,50,0.046705373249570116,0.035223372986039926,0.290029887306815,0.04077325764733786,0.030455257140597432,0.0018421992488593497,531,"(1.0, 0.6, 0.35)"
M6_blend_eb_ridge,2024,50,0.04620343631979251,0.03498689156391923,0.30520781284779863,0.03931877554155283,0.02960113401687278,0.004857407331540354,531,"(1.0, 0.6, 0.35)"
M0_league_average,2024,100,0.05277301862521589,0.041434523439313385,-0.002259685076379858,0.04902737053398978,0.03851684393973695,-0.002505796304953458,450,"(1.0, 0.6, 0.35)"
M1_last_season_kpct,2024,100,0.060256201549226576,0.043544525,-0.3066518582516089,0.051108452533277574,0.03714658173591101,0.0020970952222222226,450,"(1.0, 0.6, 0.35)"
M2_marcel_flat_prior,2024,100,0.043866557003684706,0.03309770237557859,0.3074940867691315,0.0388647463510931,0.029170281974088448,-0.0047200022620168935,450,"(1.0, 0.6, 0.35)"
M3_eb_stuff_prior,2024,100,0.04436505176120439,0.033202059937725244,0.2916655349710535,0.039050236633437305,0.02913093632455789,-0.005744798213880338,450,"(1.0, 0.6, 0.35)"
M4_ridge,2024,100,0.04506107526026766,0.034843301422534154,0.2692657054485752,0.04000027169321718,0.03084572604937577,0.009291496502833707,450,"(1.0, 0.6, 0.35)"
M5_lightgbm,2024,100,0.044622629396042696,0.03354829958122995,0.2834166655361199,0.040080381931534924,0.029949059507792624,-0.0014097110040099362,450,"(1.0, 0.6, 0.35)"
M6_blend_eb_ridge,2024,100,0.04368575842887553,0.03309651341821478,0.31319073007682074,0.038503207287561805,0.02903977081042268,0.001773349144476684,450,"(1.0, 0.6, 0.35)"
M0_league_average,2024,200,0.050770863450375674,0.039029321007581885,-0.014837549236531578,0.04783185609307516,0.03730548778662373,-0.0061389963061546605,333,"(1.0, 0.6, 0.35)"
M1_last_season_kpct,2024,200,0.04998980790887726,0.03712120750750751,0.016146658767048794,0.0455511126448434,0.033958017532408555,0.001490841741741743,333,"(1.0, 0.6, 0.35)"
M2_marcel_flat_prior,2024,200,0.03902442664097835,0.02953207066357012,0.40042917642845377,0.03622973208577332,0.027338336835182633,-0.006766734138343895,333,"(1.0, 0.6, 0.35)"
M3_eb_stuff_prior,2024,200,0.039239490610686704,0.02957364718493921,0.3938024862202295,0.03636409156849373,0.02730300957417066,-0.00773767081647555,333,"(1.0, 0.6, 0.35)"
M4_ridge,2024,200,0.04002489753119434,0.0309632300411877,0.3692926581824467,0.03726777748011594,0.028880035971443913,0.006556738550004186,333,"(1.0, 0.6, 0.35)"
M5_lightgbm,2024,200,0.04071955611472702,0.030387351894232507,0.3472099905623729,0.037893933042087505,0.02828107479169654,-0.003648240076906339,333,"(1.0, 0.6, 0.35)"
M6_blend_eb_ridge,2024,200,0.03854818568534919,0.029290161417149907,0.41497380338755874,0.03576499918659889,0.027116143788280013,-0.0005904661332356825,333,"(1.0, 0.6, 0.35)"
